"1","2","4","5","6","8","9","10","11","12","13","15","16","17","18","19","20","21","22","23","24","25","26","27","28","29","30","31","32","33","34","35","36","37","38","39","40","41","42","44","45","46","47","48","49","50","51","53","54","55","56"
706981.038,115.0685,1882.9396,37873.9842,7364.3858,1084.9318,736.4386,184.1096,126.5754,36821.9291,176745.2595,345.2056,268.4932,10310.1401,5523.2894,2147.9459,1506.3516,5523.2894,147287.7163,253.1508,1104.6579,1380.8223,2301.3706,3375.3435,66279.4723,6025.4066,184.1096,1227.3976,632.8769,253.1508,1656.9868,621.3701,3452.0558,7890.4134,376.5879,3682.1929,4418.6315,613.6988,2577.535,207.1234,8497.3682,470.7349,123721.6817,51550.7007,591.781,158.2192,2071.2335,1294.5209,690.4112,4142.467,143.8357
15.935,217566.1329,23.9025,9.9594,169.9735,18.5909,13.2792,3.3198,2.3239,57.9455,31.87,144.8638,11.8037,38.6304,21.2467,10.6233,9.9594,14.6071,15.935,4.6477,19.9188,23.9025,31.87,18.5909,9.9594,19.9188,3.3198,6.6396,9.2954,4.6477,29.2142,7.3036,57.9455,31.87,2.4898,36.216,13.2792,118.0372,38.6304,3.6518,15.935,2.9878,21.2467,77.2607,9.9594,2.3239,29.2142,273.1718,6.6396,19.9188,1.9919
1125.498,2025.8964,1152509.9394,723.5344,154354.0097,64028.33,773.7799,193.445,140.6872,4501.992,2110.3087,5788.2754,5627.4899,2813.745,1406.8725,803.9271,2025.8964,914.4671,1205.8907,281.3745,1266.1852,1547.5597,2110.3087,1125.498,723.5344,1841.724,4911.2639,1031.7065,18007.9678,281.3745,1828.9342,374565.7303,4220.6175,2110.3087,230.2155,2532.3705,3601.5936,12005.3119,2813.745,228.6168,1055.1544,515.8532,1406.8725,12005.3119,81035.8551,140.6872,1828.9342,22009.7384,386.8899,1266.1852,4501.992
15554.8118,132.9147,1570.4377,580712.9747,6805.2302,6351.5482,354.4391,94.5171,66.162,5444.1841,3629.4561,303.8049,504.0911,6049.0935,2268.4101,3299.5055,19443.5148,1782.3222,9073.6402,110.2699,567.1025,567.1025,907.364,2117.1827,68052.3017,34026.1509,236.2927,2268.4101,610.7258,110.2699,779.766,567.1025,1512.2734,972.1757,283.5513,1417.7563,45368.2012,1031.0955,1134.205,103.9688,618.6573,850.6538,14517.8244,36294.5609,945.1709,55.135,831.7504,1570.4377,189.0342,2835.5126,756.1367
18925.997,90844.7855,1090137.4262,11355.5982,5814066.2733,285512.1831,15140.7976,3785.1994,2602.3246,64889.1325,37851.994,396413.6095,181689.571,45422.3928,26496.3958,13248.1979,17033.3973,17033.3973,18925.997,5204.6492,22711.1964,28388.9955,32444.5663,20818.5967,11355.5982,22711.1964,45422.3928,7570.3988,666195.0938,5204.6492,29200.1096,218027.4852,64889.1325,37851.994,2838.8995,45422.3928,22711.1964,447235.8672,45422.3928,4258.3493,18925.997,3548.6244,26496.3958,127182.6997,335426.9004,2602.3246,34066.7946,838567.251,7570.3988,22711.1964,30281.5952
668.5611,1701.7919,16756.1052,850.896,54457.3419,871317.4698,547.0045,136.7511,91.1674,2495.9615,1337.1222,2382.5087,20421.5032,2320.6254,911.6742,3403.5839,34654.6721,607.7828,1169.982,182.3348,850.896,972.4525,1337.1222,5834.7152,744.534,9530.0348,61264.5096,6807.1677,6283.5394,182.3348,1215.5657,90762.2364,2495.9615,1337.1222,3176.6783,1701.7919,11139.0017,8168.6013,1823.3485,151.9457,668.5611,3630.4895,911.6742,14586.788,138618.6884,91.1674,1215.5657,14521.9578,273.5023,1323.6159,149757.6901
451.6289,76.9822,372.5938,282.268,1970.7441,304.8495,693701.9325,1625.8639,870.9985,2167.8185,985.3721,84.6804,84.6804,1935.5523,903.2577,260.5551,169.3608,526.9003,451.6289,30015.949,7742.2091,119230.0197,3096.8836,812.932,282.268,483.8881,68.8028,145.1664,152.4247,30015.949,33721.6217,118.5526,63063.812,1970.7441,76.9822,2709.7732,220.1691,220.1691,19707.4413,30349.4595,985.3721,77.6237,564.5361,1354.8866,169.3608,15007.9745,6897.6044,465.7423,406.466,967.7761,33.8722
59.5007,5.9163,40.9067,34.7087,208.2524,33.4691,454.3688,213250.4316,4613.5911,666.4076,222.1359,9.297,11.8325,347.0873,189.3203,43.3859,28.9239,121.4806,55.534,156.1893,24233.0036,704.8542,952.0109,133.8765,34.7087,69.4175,7.6911,26.0315,16.7346,156.1893,1295.7926,13.0158,2423.3004,476.0054,16.2697,757.2814,26.0315,30.7646,12116.5018,121.4806,238.0027,11.9311,104.1262,208.2524,18.594,78.0946,9329.7064,52.0631,156.1893,189.3203,3.7188
34.5812,3.6677,23.2153,18.8625,118.564,18.8625,181.0796,452.6989,154521.2168,553.2986,207.487,5.5015,6.4304,226.3494,141.4684,28.2937,17.605,125.7497,34.5812,64.6713,15022.8961,321.9192,553.2986,82.3089,22.0062,48.0135,3.8582,16.9762,9.4312,64.6713,431.1418,7.8594,829.9479,1207.197,11.0031,845.0379,22.6349,15.4329,823.0889,53.8927,301.7993,7.545,75.4498,125.7497,11.0031,32.3356,12071.9701,27.4363,493.8533,150.8996,2.3578
101299.8011,870.5452,14923.6314,13928.7227,69643.6133,10943.9964,15918.5402,4642.9076,3191.9989,3565752.9989,247621.736,2984.7263,3046.9081,32500.3529,17727.4652,8125.0882,9285.8151,20893.084,74286.5208,6383.9979,23877.8103,29847.2628,25324.9503,9575.9968,37143.2604,18571.6302,1392.8723,5064.9901,5471.9982,6383.9979,35816.7154,4477.0894,74286.5208,318370.8035,1044.6542,30389.9403,12381.0868,6190.5434,55714.8906,5223.271,495243.4721,1632.2722,43333.8038,222859.5624,5969.4526,2127.9993,55714.8906,9496.8564,7428.6521,13928.7227,1088.1815
258073.3443,264.626,5292.5198,11290.7088,25090.464,2822.6772,4516.2835,1505.4278,1034.9816,277925.14,1445210.7279,940.8924,898.1246,31613.9847,31613.9847,6586.2468,4838.8752,36951.4107,37635.696,1552.4725,9032.567,8468.0316,10264.2807,9553.6767,54195.4023,7527.1392,513.214,2258.1418,2069.9633,1552.4725,10161.6379,1693.6063,20528.5615,240868.4547,1209.7188,24634.2738,6451.8336,2052.8561,15806.9923,1270.2047,60217.1137,1628.4676,158069.9234,90325.6705,1539.6421,776.2362,18475.7053,3849.1053,9032.567,10422.1927,320.7588
60.7243,101.2072,91.0865,37.9527,441.6314,70.845,50.6036,12.6509,8.8556,220.8157,110.4078,414544.6655,20.2414,147.2105,80.9658,40.4829,37.9527,55.664,60.7243,17.7113,75.9054,91.0865,110.4078,70.845,37.9527,75.9054,12.6509,25.3018,35.4225,17.7113,101.2072,27.832,220.8157,110.4078,9.4882,138.0098,50.6036,50.6036,147.2105,13.916,60.7243,11.3858,80.9658,294.4209,37.9527,8.8556,111.3279,91.0865,25.3018,75.9054,7.5905
69.1781,3449.9188,1694.1565,39.5303,7378.9929,2541.2348,52.9424,13.2356,9.9267,276.7122,138.3561,431.2398,303592.8513,177.8864,88.9432,47.6482,79.0606,59.2955,51.8835,19.8534,79.0606,105.8848,138.3561,92.6492,39.5303,84.7078,23191.1206,61.7661,808.5747,19.8534,118.591,197.6516,276.7122,138.3561,65.8839,158.1213,108.7084,17393.3404,177.8864,15.8827,69.1781,46.3246,88.9432,266.8297,86740.8146,9.9267,118.591,27106.5046,26.4712,84.7078,553.4245
8642.2505,2244.7404,12346.0721,8978.9615,57615.0032,11574.4426,7716.2951,1543.259,1157.4443,17284.501,23046.0013,2469.2144,4629.777,1580297.2298,355566.8767,88891.7192,19753.7154,84658.7802,8642.2505,2893.6107,9876.8577,15432.5901,251410.9229,185191.0816,4938.4288,158029.723,2829.3082,35274.4917,4629.777,3306.9836,18519.1082,3703.8216,38410.0021,12346.0721,19753.7154,158029.723,12346.0721,10446.6764,24692.1442,2314.8885,5761.5003,20576.7868,31747.0426,40405.3269,4938.4288,1929.0738,9876.8577,18993.9571,5611.851,451513.4942,1964.1478
9217.618,452.6509,2586.5765,4138.5224,13519.1731,2715.9053,3017.6726,754.4181,565.8136,16898.9663,18435.236,603.5345,814.7716,148986.8053,927029.0107,16295.4318,3621.2071,309009.6702,4224.7416,1234.5024,4456.8702,6584.0129,54076.6923,28969.6566,2896.9657,23175.7253,711.3085,6035.3451,1131.6272,1234.5024,6685.3054,905.3018,14484.8283,10139.3798,2633.6051,103003.2234,5690.4683,1991.6639,9311.6753,905.3018,4608.809,3292.0064,52145.3819,20055.9161,1448.4828,754.4181,4345.4485,4828.2761,16094.2537,84275.3646,316.8556
533.0557,304.6033,1405.8613,1462.0957,6396.6688,9138.0983,304.6033,76.1508,57.1131,1163.0307,852.8892,304.6033,548.2859,10122.2012,4386.2872,467870.6354,23393.5318,1462.0957,852.8892,114.2262,487.3652,609.2066,1421.482,97473.049,487.3652,62382.7514,2010.3816,155956.8785,913.8098,114.2262,685.3574,498.4417,1599.1672,710.741,14620.9574,1329.1779,5025.9541,1435.9869,1028.0361,91.381,290.7577,19494.6098,1096.5718,8224.2885,974.7305,71.3914,685.3574,2610.8852,152.3016,7797.8439,1827.6197
490.5842,281.0639,3597.6174,8994.0434,10792.8521,53724.4192,224.8511,62.4586,43.721,899.4043,490.5842,562.1277,719.5235,2616.449,799.4705,5232.898,460495.0219,353.3374,981.1684,78.6979,337.2766,404.732,674.5533,4197.2203,899.4043,86342.8166,1499.0072,20557.8135,1144.6964,78.6979,494.6724,7195.2347,1079.2852,449.7022,1124.2554,674.5533,143904.6943,1635.2806,719.5235,68.7045,224.8511,5396.426,959.3646,23024.7511,1349.1065,43.721,494.6724,2312.754,124.9173,1927.295,4796.8231
16293.5399,171.1387,1155.7422,3650.9599,5600.9043,1037.2045,1340.3874,363.0216,282.874,14935.7449,12802.067,244.4839,373.3936,34138.8454,191177.5345,4978.5816,1521.2333,637258.4483,3200.5168,518.6023,2281.8499,2489.2908,14935.7449,7112.2595,3422.7749,7301.9197,333.3872,2489.2908,518.6023,518.6023,3063.7425,414.8818,6401.0335,25604.1341,760.6166,39828.653,3394.4875,848.6219,4595.6138,414.8818,4073.385,1155.7422,191177.5345,17069.4227,570.4625,194.4758,3620.7866,1348.3659,30977.8412,7823.4854,116.6855
36736.1559,75.3378,3013.5128,17143.5394,12857.6545,1473.2729,642.8827,178.5785,122.7727,32144.1364,14286.2828,602.7026,375.0149,2812.6119,1250.0497,1125.0448,1753.3165,1205.4051,822889.8911,245.5455,964.3241,1205.4051,1461.0971,1178.6183,274296.6304,2142.9424,178.5785,642.8827,1104.9547,245.5455,1446.4861,1033.2044,3214.4136,2296.0097,109.5823,1928.6482,6857.4158,803.6034,2250.0895,200.9009,2678.678,301.3513,6428.8273,110773.6392,803.6034,100.4504,1808.1077,1339.339,357.1571,1071.4712,133.9339
62.8836,16.2568,59.4536,34.6812,297.2678,44.5902,713.4427,133.7705,37.1585,251.5343,125.7671,13.0055,13.9344,202.6826,101.3413,39.8126,26.0109,61.9308,58.3919,304402.2017,416.1749,30440.2202,272.4955,74.3169,37.1585,69.3625,8.3607,16.7213,22.2951,10377.3478,1486.3389,18.5792,2906.6182,204.3716,9.2896,231.2083,33.4426,33.4426,1621.4606,4323.8949,108.9982,9.2896,85.7503,202.6826,26.0109,38050.2752,297.2678,59.4536,44.5902,130.0547,5.1093
1614.7308,196.2346,1211.0481,883.0559,5651.5577,941.9263,11592.9389,27401.492,168793.191,18084.9847,8220.4476,252.3017,342.5187,9274.3512,6028.3282,1255.9017,784.9386,3767.7052,1507.0821,3767.7052,964532.5199,18084.9847,25835.6925,4057.5286,941.9263,1766.1118,214.0742,784.9386,470.9631,3767.7052,27629.8378,370.0425,48226.626,11303.1155,504.6034,25118.0344,1046.5848,856.2966,48226.626,2960.3398,9042.4924,353.2224,3014.1641,6028.3282,504.6034,1883.8526,265246.443,1541.3339,12559.0172,7535.4103,117.7408
1149.9981,160.1783,996.665,597.999,5436.3544,797.332,15946.6397,2740.8287,1063.1093,4983.3249,2299.9961,224.2496,249.1662,4429.6221,1812.1181,622.9156,448.4992,996.665,1067.8553,185560.8981,11959.9798,1020584.9397,5436.3544,1328.8866,640.7132,1121.2481,149.4997,342.6036,398.666,255146.2349,29615.188,323.9161,59799.8988,3737.4937,160.1783,4783.9919,597.999,597.999,31893.2794,221126.7369,1993.33,171.3018,1533.3307,3624.2363,448.4992,92780.4491,12956.6447,996.665,730.8877,2242.4962,93.4373
6109.5322,1309.1855,4165.5901,2618.3709,20365.1072,4200.3034,16292.0858,2443.8129,1866.8015,15273.8304,15273.8304,1221.9064,1781.9469,248824.583,85533.4504,17106.6901,3665.7193,29325.7544,4363.9516,5600.4045,14662.8772,30547.6609,1564040.236,48876.2574,3054.7661,9775.2515,1527.383,8886.5922,1866.8015,5600.4045,27492.8948,1249.677,48876.2574,16292.0858,5236.7419,426556.428,4443.2961,4073.0214,38014.8668,4582.1491,5554.1202,4582.1491,17106.6901,19007.4334,2443.8129,3360.2427,16918.7045,7636.9152,21722.7811,117303.0177,509.1277
913.0773,1597.8853,3895.7965,1278.3082,17855.7342,21913.8556,1095.6928,273.9232,152.1796,3090.4155,1673.9751,913.0773,2282.6933,27392.3195,4980.4217,87655.4223,25566.1648,1660.1406,1339.1801,365.2309,1420.3425,1947.8983,4463.9335,934991.1707,852.2055,34088.2198,9391.6524,43827.7111,1565.2754,365.2309,2282.6933,1521.7955,5021.9252,1545.2078,163623.4549,3652.3093,4382.7711,5478.4639,3424.0399,304.3591,772.6039,124665.4894,1521.7955,7304.6185,3195.7706,228.2693,1826.1546,9739.4914,456.5387,29218.4741,4017.5402
19686.0166,57.6739,1186.434,161067.4082,4921.5041,807.4343,307.594,76.8985,53.829,9843.0083,6327.6482,216.277,184.5564,1968.6017,1342.2284,922.782,6151.8802,1353.4136,141739.3192,89.7149,461.391,461.391,738.2256,1291.8948,472464.3973,3075.9401,96.1231,615.188,430.6316,89.7149,634.4126,461.391,1384.173,1107.3384,157.2924,922.782,3691.1281,461.391,922.782,84.5884,1006.6713,230.6955,9843.0083,33747.4569,346.0433,44.8575,676.7068,593.217,153.797,576.7388,69.2087
2628.8665,766.7527,5018.7452,92010.3279,32714.7833,57250.8707,851.9475,212.9869,149.0908,3345.8301,3345.8301,958.4409,1533.5055,17844.4272,6134.0219,196288.6996,133833.2042,3373.712,3345.8301,298.1816,1277.9212,1533.5055,2628.8665,31227.7477,3067.0109,785154.7982,3833.7637,109049.2775,3067.0109,298.1816,1874.2845,3373.712,3680.4131,2044.674,11501.291,3833.7637,163573.9163,3833.7637,2453.6087,234.2856,1022.337,22082.4787,6134.0219,49072.1749,3286.0831,149.0908,1874.2845,6900.7746,425.9737,10223.3698,6691.6602
35.4132,1802.8526,793.2551,23.8358,2115.347,8924.1202,28.7732,7.1933,4.98,132.2092,70.8264,154.9326,2726.8145,97.3862,48.6931,123.9461,82.6307,33.1999,35.4132,9.96,44.2665,53.1198,70.8264,278.8788,22.1332,123.9461,253841.6405,100.7062,343.2354,9.96,66.3997,185.9192,132.2092,70.8264,550.8716,88.5329,86.7623,6169.7621,97.3862,8.3,35.4132,165.2615,48.6931,272.6814,6101.9625,4.98,66.3997,11898.8269,14.3866,44.2665,2884.5641
139.1605,121.7655,535.7681,405.8849,3463.5514,14027.3831,81.177,20.2942,15.2207,299.7304,177.1134,202.9425,243.531,1623.5397,442.7836,77929.9063,11132.8438,170.4717,194.8248,30.4414,135.295,148.8245,278.3211,25504.333,121.7655,51953.2709,1266.361,249375.7002,365.2964,30.4414,189.413,426.1792,389.6495,216.472,8658.8785,270.59,10130.8878,633.1805,243.531,23.6766,81.177,85722.8969,243.531,2783.2109,442.7836,15.2207,170.4717,974.1238,40.5885,1298.8318,2597.6635
171.1047,4355.3933,119462.216,108.8848,29865.554,8145.1511,131.2451,32.8113,21.8742,684.4189,342.2095,1187.8345,10181.4389,437.4837,218.7419,109.3709,272.2121,155.5498,171.1047,43.7484,204.1591,233.3246,320.8214,174.9935,108.8848,233.3246,1866.5971,139.9948,477848.8642,43.7484,291.6558,10666.2693,641.6428,342.2095,54.4424,408.3181,279.9896,22399.1655,437.4837,36.457,171.1047,77.7749,233.3246,1399.9478,92915.0569,21.8742,291.6558,34132.0617,65.6226,204.1591,855.5237
47.8088,12.1695,41.724,26.0775,208.6202,31.293,682.7569,117.3488,34.77,191.2352,88.2624,9.1271,9.7791,208.6202,86.9251,32.5969,18.2543,43.4625,40.979,71209.0166,365.0853,26703.3812,254.9802,56.8964,26.0775,52.155,5.8674,16.7641,15.6465,213627.0498,1112.6409,13.0388,2039.8416,143.4264,7.6059,208.6202,23.4698,23.4698,1251.721,6068.9503,76.4941,7.4507,65.1938,142.241,18.2543,71209.0166,417.2403,41.724,33.5282,97.3561,3.5857
2677.6753,334.7094,1933.8766,1338.8376,9639.631,1487.5974,79973.2354,24991.636,10710.7012,16066.0517,5355.3506,409.0893,502.0641,11684.4013,5842.2006,1785.1169,920.4509,3060.2003,2190.8252,15301.0017,134648.8146,74260.8614,24099.0776,4462.7922,1338.8376,2454.5357,358.6172,780.9886,836.7735,15301.0017,1370969.749,669.4188,308468.1935,12049.5388,409.0893,18125.802,1255.1603,1434.4689,373900.8406,14280.9349,6426.4207,483.4691,3213.2103,7140.4674,920.4509,28561.8698,38082.493,2486.4128,3123.9545,6545.4285,188.274
128.9697,183.9012,55638.4801,157.6296,14444.6054,93379.2672,100.3098,25.0774,17.9125,481.4868,257.9394,551.7037,481.4868,343.9192,171.9596,240.7434,3209.9123,114.6397,240.7434,35.8249,157.6296,186.2896,257.9394,534.9854,147.121,490.4033,1504.6464,312.0748,1604.9562,35.8249,229.2795,410868.7758,481.4868,257.9394,122.6008,315.2592,2006.1952,1203.7171,343.9192,28.6599,128.9697,173.8703,171.9596,7003.445,17654.5177,17.9125,229.2795,2086.443,50.1549,157.6296,7222.3027
7895.379,1015.1202,7105.8411,4060.4806,34452.5629,5210.9501,538991.2065,33686.9504,17369.8338,47372.274,17226.2815,1421.1682,1658.0296,33160.5918,17685.649,4737.2274,2842.3364,8527.0093,6767.4677,104219.0028,181909.5322,454773.8305,68905.1258,13027.3754,4060.4806,7579.5638,1052.7172,2368.6137,2605.4751,104219.0028,682160.7457,2131.7523,2425460.4293,31581.516,1184.3069,50530.4256,3789.7819,3789.7819,530569.4689,85270.0932,17226.2815,1268.9002,10203.259,24116.794,2842.3364,34739.6676,194903.0702,7895.379,9474.4548,16241.9225,592.1534
44708.7428,209.5722,3810.4042,4191.4446,18628.6428,2794.2964,8941.7486,2980.5829,2561.4384,198705.5235,149029.1426,762.0808,889.0943,26080.1,22354.3714,5588.5928,2794.2964,16765.7785,11177.1857,3073.7261,16765.7785,16765.7785,17195.6703,7684.3152,5588.5928,6096.6467,508.0539,1862.8643,1397.1482,3073.7261,20118.9343,1143.1213,40644.3116,1430679.7694,1047.8612,48773.174,3725.7286,2032.2156,31296.12,2514.8668,447087.4279,873.2176,34773.4666,39120.1499,1524.1617,1024.5754,134126.2284,3810.4042,65030.8986,12193.2935,317.5337
22.4607,598.9517,124.3977,28.0759,539.0566,718.7421,24.9563,6.2391,4.3674,82.9318,41.4659,56.1517,71.8742,410.7098,39.9301,522.7215,84.2276,20.589,22.4607,10.4817,33.691,44.9214,71.8742,16099.8229,15.3141,299.4759,1796.8552,1026.7744,89.8428,8.7347,49.4135,44.9214,107.8113,41.4659,183997.9764,67.3821,74.869,179.6855,71.8742,6.863,22.4607,1617.1697,32.6701,179.6855,122.5129,5.2408,38.0104,323.4339,10.2094,245.0257,196.0206
15284.3806,1074.683,5731.6427,6141.0458,27511.8851,4457.9444,14329.1068,4776.3689,4012.1499,55023.7703,34389.8564,976.9846,1528.4381,133390.9582,146730.054,15284.3806,5373.4151,144109.8745,8597.4641,5349.5332,31263.5058,25792.3923,489100.1802,32097.1993,5373.4151,21493.6603,955.2738,7642.1903,1823.7045,5349.5332,36027.4686,1751.3353,73365.027,50021.6093,3582.2767,1467300.5405,5731.6427,3821.0952,48910.018,4203.2047,17194.9282,3438.9856,56434.6362,26201.7954,2388.1845,2674.7666,31524.035,6448.0981,305687.6126,62527.0117,477.6369
1143.713,238.2735,7319.7632,104568.0453,19519.3685,41173.6678,337.9152,84.4788,58.4853,1663.5825,831.7913,1143.713,898.6316,2795.7429,898.6316,5032.3372,195193.6846,476.5471,3049.9013,116.9706,519.8695,623.8435,914.9704,3743.0607,3519.1169,66543.3016,1334.3318,11894.6152,2058.6834,116.9706,779.8043,17155.6949,1663.5825,762.4753,714.8206,1039.7391,585581.0538,2134.9309,1143.713,97.4755,381.2377,1524.9507,1258.0843,40258.6974,1906.1883,58.4853,779.8043,3049.9013,168.9576,1270.7922,6099.8026
284.6671,28466.7058,7591.1216,177.9169,36437.3835,1423.3353,289.115,57.823,40.0313,1035.1529,569.3341,4066.6723,111336.4495,711.6676,391.4172,195.7086,177.9169,266.8754,284.6671,100.0783,355.8338,533.7507,711.6676,400.3131,177.9169,355.8338,9963.347,115.646,3416.0047,100.0783,667.1884,762.501,1265.1869,517.5765,74.132,646.9706,249.0837,728747.6696,711.6676,83.3986,284.6671,66.7188,391.4172,1423.3353,3795.5608,50.0391,485.2279,218624.3009,115.646,444.7923,258.7882
5208.2247,478.3064,4185.1806,2435.0142,20832.899,3138.8854,66962.8895,194801.1332,66962.8895,46874.0227,18749.6091,837.0361,941.6656,26785.1558,13392.5779,4017.7734,1674.0722,8928.3853,4261.2748,18262.6062,457133.3259,89283.8527,68180.3966,10044.4334,2435.0142,4870.0283,657.6712,1860.0803,1569.4427,18262.6062,142854.1643,1255.5542,299993.7451,28845.5524,1339.2578,53570.3116,2301.8493,2630.6849,1714249.9719,14610.085,17045.0992,930.0401,6696.289,20088.8669,1674.0722,9131.3031,321421.8697,4783.0635,8928.3853,13392.5779,366.2033
51.4424,6.1751,40.8681,24.7005,205.7695,31.437,1564.8647,125.7481,52.395,226.3465,102.8848,8.6452,9.4311,188.6221,83.832,29.0188,17.2904,55.888,43.5282,5748.4824,737.7219,32191.5016,205.7695,57.1582,28.8173,49.401,5.8944,15.7185,15.7185,5748.4824,1788.4168,12.5748,3292.3127,161.6761,7.2043,251.4961,23.5778,23.5778,1508.9766,257532.0124,94.311,6.3856,62.874,150.8977,17.2904,2874.2412,731.625,40.8681,36.6765,92.2152,3.5367
7576.3552,63.9255,983.4692,929.8254,4870.514,721.2107,2479.5344,619.8836,426.17,155856.4489,49590.6883,196.6938,248.5992,3182.0692,2651.7243,994.3966,681.872,3068.4238,4545.8131,585.9837,3719.3016,3933.8767,2435.257,852.34,1704.6799,1859.6508,121.7629,487.0514,390.6558,585.9837,5578.9524,319.6275,11364.5327,218199.0284,91.3221,3719.3016,852.34,524.5169,7955.1729,697.3691,872796.1137,177.5708,8678.3704,11932.7594,426.17,292.9919,11157.9049,799.0687,1818.3252,1363.7439,96.8568
30.9927,54.5472,181.824,58.4434,1212.1598,4231.5398,27.7787,6.9447,5.0507,104.8984,52.4492,68.184,90.912,606.0799,113.64,5818.3672,1745.5101,32.8293,48.7029,10.1013,45.456,55.5573,97.4057,23273.4686,37.1913,3272.8315,1745.5101,12800.4077,121.216,10.1013,59.0928,65.6587,136.368,52.4492,4363.7754,81.8208,335.675,218.1888,90.912,8.2073,28.41,186187.749,56.82,363.6479,163.6416,6.0608,59.0928,363.6479,13.8893,363.6479,1090.9438
98115.2327,394.213,4380.1443,38814.8173,15768.5195,2463.8312,1971.0649,492.7662,461.9683,58869.1396,160552.199,657.0216,739.1494,31537.0391,21833.3348,9461.1117,5256.1732,151377.7876,16981.4826,739.1494,3942.1299,3583.7544,18396.6061,9855.3247,56065.8473,19407.4087,542.0429,4927.6624,1343.9079,739.1494,4300.5053,1478.2987,10034.5124,24528.8082,1051.2346,31537.0391,9636.3175,1548.6939,6450.758,591.3195,12264.4041,1642.5541,1009185.251,56766.6704,1314.0433,369.5747,4300.5053,2815.8071,4927.6624,11468.0142,287.447
63899.7912,4868.5555,162285.1841,97371.1104,545278.2184,91285.416,11410.677,2852.6693,2139.5019,146056.6657,51119.833,26555.7574,16431.3749,41078.4372,20539.2186,27385.6248,155793.7767,15648.9285,314583.5876,4279.0039,18257.0832,22821.354,31949.8956,21065.8652,106223.0296,73028.3328,8367.8298,18257.0832,45642.708,4279.0039,27385.6248,48685.5552,63899.7912,36514.1664,4057.1296,36514.1664,459035.2349,40165.5831,41078.4372,3423.2031,19661.4742,7607.118,36514.1664,4673813.3009,41730.4759,2139.5019,27385.6248,73028.3328,5705.3385,18257.0832,7987.4739
154.7209,5802.0343,5569.953,103.6078,19804.2772,77016.6337,138.1437,34.5359,24.1751,618.8837,331.5448,773.6046,132028.5148,412.5891,221.0299,257.8682,362.6271,151.958,165.7724,48.3503,207.2155,248.6586,331.5448,541.5232,103.6078,483.5029,99021.3861,241.7514,2166.0928,48.3503,303.9161,15128.2673,618.8837,331.5448,241.7514,386.8023,483.5029,30944.1832,412.5891,37.9895,165.7724,193.4011,221.0299,1375.297,396085.5445,24.1751,303.9161,44559.6238,69.0718,207.2155,16503.5644
21.3603,6.7965,17.0883,10.6802,85.4414,12.8162,219.7064,38.4486,14.2402,78.3213,36.1483,4.6726,5.7215,91.5443,35.6006,13.3502,7.4761,23.7337,16.7831,2187.2993,149.5224,4860.6651,125.314,68.3531,12.4602,21.3603,4.3692,6.8658,6.4081,2187.2993,455.6873,5.3401,835.4268,58.7409,12.4602,108.7436,9.6122,17.4766,512.6483,122.0591,31.3285,5.6961,26.7004,64.081,9.3452,174983.942,94.9349,31.0696,16.0203,54.3718,1.4685
4788.4083,219.4687,2766.6359,2340.9996,14365.225,2128.1815,17876.7244,6875.6632,21281.8148,76614.5331,22984.3599,548.6718,598.551,13929.9151,10215.2711,2128.1815,1755.7497,7857.9008,4788.4083,6384.5444,43218.4546,33199.631,14365.225,3546.9691,2508.2139,3901.666,374.0944,1015.723,1064.0907,6384.5444,37146.4403,851.2726,76614.5331,167158.9814,313.5267,28091.9955,1710.1458,1197.1021,76614.5331,5107.6355,45968.7199,471.5857,8512.7259,15322.9066,1097.3436,2660.2268,1634443.3733,2074.9769,14897.2703,5016.4278,224.4566
868.6824,177906.1467,9265.9451,521.2094,85531.8013,3706.3781,796.2922,199.073,115.8243,3158.8449,1579.4225,9265.9451,98836.7482,2895.6079,1158.2431,579.1216,521.2094,752.858,868.6824,289.5608,1042.4188,1592.5843,2171.7059,1158.2431,521.2094,947.6535,40433.2152,318.5169,7412.7561,289.5608,1882.1451,1254.7634,3860.8105,1579.4225,347.4729,1895.307,694.9459,395346.9927,2895.6079,235.2681,868.6824,199.073,1052.9483,4211.7932,8339.3506,144.7804,1505.7161,1186040.9781,318.5169,1303.0235,434.3412
1160.3465,41.5489,219.378,332.3909,1276.3812,199.4346,957.2859,265.9127,299.1518,4641.3861,3403.6832,55.3985,55.3985,3190.953,2279.2521,443.1879,199.4346,5956.4455,531.8255,299.1518,2127.302,1253.5887,5105.5247,897.4555,332.3909,443.1879,43.2108,265.9127,99.7173,299.1518,2030.6064,77.5579,4254.604,34036.8317,110.797,51055.2475,288.0721,144.0361,2900.8663,279.2084,2320.6931,121.8767,7977.3824,1595.4765,110.797,119.6607,2481.8523,243.7534,408441.9799,1772.7516,22.1594
1860.7615,775.3173,2791.1422,2537.402,16239.3728,4007.7939,2325.9518,465.1904,325.6333,4465.8275,4465.8275,872.2319,1488.6092,238177.467,23817.7467,59544.3668,3721.5229,5848.1074,2232.9138,1001.9485,2537.402,3721.5229,39696.2445,151567.479,1395.5711,27911.4219,1033.7564,22901.6795,1628.1663,814.0831,4548.528,1023.4188,9924.0611,2977.2183,24810.1528,34352.5193,3383.2027,3721.5229,5413.1243,639.6368,1488.6092,12179.5296,5413.1243,8506.3381,1744.4639,592.0605,2729.1168,6698.7413,930.3807,952709.8682,2029.9216
11.1596,232.1193,267.8299,14.5075,844.0701,11672.2841,9.6716,2.4179,1.6623,38.6865,22.3192,34.8179,590.8491,36.9281,16.9254,58.0298,506.4421,10.8806,16.1194,3.3246,14.5075,16.7394,22.3192,127.6656,9.6716,139.2716,31692.0198,132.6396,98.2043,3.3246,20.0872,1193.7563,44.6383,22.3192,154.7462,26.783,142.8426,142.8426,31.2468,2.7201,11.1596,158.2631,15.6234,162.4835,4951.8781,1.6623,20.0872,267.8299,4.8358,23.2119,118845.0744
